D1, Smith, P1, Jones, A1, 1/02/09, N1, Green, Filling, 300
D1, Smith, P1, Jones, A2, 1/03/09, N1, Green, Filling, 300
D1, Smith, P2, Patel, A3, 3/01/09, N2, Sarah, Canal, 1000
D2, Barky, P3, Thom, A4, 6/03/09, N3, Brown, Crown, 700
D3, Thomas, P4, Ronnie, A5, 8/06/09, N4, Cann, Filling, 300
D4, Sam, P5, Emily, A6, 9/07/09, N1, Green, Canal, 1000
D2, Barky, P6, Sana, A7, 8/07/09, N2, Sarah, Canal, 1000
D1, Smith, P1, Jones, A8, 11/02/09, N3, Brown, Filling, 300
D2, Barky, P7, Coral, A9, 18/03/09, N1, Green, Canal, 1000
D5, Bond, P8, Jonson, A10, 31/01/09, N2, Sarah, Canal, 1000
